{
  "version": 1,
  "author": "Anonymous maker",
  "editor": "wokwi",
  "parts": [
    { "type": "wokwi-arduino-uno", "id": "uno", "top": 77.4, "left": -39, "attrs": {} },
    {
      "type": "wokwi-lcd1602",
      "id": "lcd1",
      "top": -185.6,
      "left": -119.2,
      "attrs": { "pins": "i2c" }
    },
    { "type": "wokwi-membrane-keypad", "id": "keypad1", "top": 55.6, "left": 312.8, "attrs": {} },
    {
      "type": "wokwi-servo",
      "id": "servo1",
      "top": 294.8,
      "left": -170,
      "rotate": 180,
      "attrs": {}
    }
  ],
  "connections": [
    [ "uno:9", "keypad1:R1", "green", [ "v-76.8", "h519.2", "v374.4", "h0", "v57.6", "h-182.4" ] ],
    [ "uno:8", "keypad1:R2", "green", [ "v-67.2", "h499.6", "v412.8", "h-163.2" ] ],
    [ "uno:7", "keypad1:R3", "green", [ "v-57.6", "h474", "v384", "h0", "v9.6", "h-192" ] ],
    [ "uno:6", "keypad1:R4", "green", [ "v-48", "h454.9", "v374.4", "h-172.8" ] ],
    [ "uno:5", "keypad1:C1", "green", [ "v-38.4", "h435.8", "v355.2", "h-153.6" ] ],
    [ "uno:4", "keypad1:C2", "green", [ "v-28.8", "h416.7", "v336" ] ],
    [ "uno:3", "keypad1:C3", "green", [ "v-19.2", "h397.6", "v326.4", "h9.6" ] ],
    [ "uno:2", "keypad1:C4", "green", [ "v-9.6", "h378.5", "v316.8" ] ],
    [ "servo1:GND", "uno:GND.3", "black", [ "h144", "v-96" ] ],
    [ "servo1:V+", "uno:5V", "red", [ "h115.2", "v-0.1" ] ],
    [ "servo1:PWM", "uno:10", "orange", [ "h0", "v-57.8", "h-48", "v-230.4", "h163.2" ] ],
    [ "lcd1:GND", "uno:GND.2", "black", [ "h-28.8", "v480", "h278.4" ] ],
    [ "lcd1:VCC", "uno:5V", "red", [ "h-19.2", "v0.1", "h0", "v460.8", "h259.2" ] ],
    [ "lcd1:SDA", "uno:A4", "green", [ "h-67.2", "v9.8", "h0", "v585.6", "h384", "v-48" ] ],
    [
      "lcd1:SCL",
      "uno:A5",
      "green",
      [ "h-96", "v0.3", "h0", "v0", "h0", "v595.2", "h422.4", "v9.6" ]
    ]
  ],
  "dependencies": {}
}