{
  "version": 1,
  "author": "Anonymous maker",
  "editor": "wokwi",
  "parts": [
    { "type": "wokwi-arduino-uno", "id": "uno", "top": 10.2, "left": 57, "attrs": {} },
    { "type": "wokwi-membrane-keypad", "id": "keypad1", "top": -88.4, "left": 447.2, "attrs": {} },
    {
      "type": "wokwi-lcd1602",
      "id": "lcd1",
      "top": -224,
      "left": -167.2,
      "attrs": { "pins": "i2c" }
    },
    { "type": "wokwi-servo", "id": "servo1", "top": 286, "left": -124.8, "attrs": {} }
  ],
  "connections": [
    [ "lcd1:GND", "uno:GND.1", "black", [ "h-38.4", "v163.2", "h0" ] ],
    [ "lcd1:VCC", "uno:5V", "red", [ "h-67.2", "v412.9", "h0" ] ],
    [ "lcd1:SDA", "uno:A4", "green", [ "h-19.2", "v422.6", "h489.6" ] ],
    [ "lcd1:SCL", "uno:A5", "yellow", [ "h-86.4", "v441.9", "h566.4" ] ],
    [ "uno:9", "keypad1:R1", "green", [ "v-67.2", "h135.2", "v355.2", "h28.8" ] ],
    [ "uno:8", "keypad1:R2", "green", [ "v-48", "h96.4", "v345.6", "h19.2", "v0", "h211.2" ] ],
    [ "uno:7", "keypad1:R3", "green", [ "v-28.8", "h118.8", "v0", "h0", "v364.8", "h9.6" ] ],
    [ "uno:6", "keypad1:R4", "green", [ "v-19.2", "h80.5", "v0", "h240", "v374.4" ] ],
    [ "uno:5", "keypad1:C1", "green", [ "v374.4", "h320.6" ] ],
    [ "uno:4", "keypad1:C2", "green", [ "v393.6", "h330.3" ] ],
    [ "uno:3", "keypad1:C3", "green", [ "v412.8", "h320.8" ] ],
    [ "uno:2", "keypad1:C4", "green", [ "v422.4", "h320.9" ] ],
    [ "servo1:GND", "uno:GND.2", "black", [ "h-67.2", "v-19.2", "h422.4", "v-76.8" ] ],
    [ "servo1:PWM", "uno:10", "magenta", [ "h-86.4", "v-422.2", "h403.2", "v0", "h0" ] ],
    [ "servo1:V+", "uno:5V", "green", [ "h-76.8", "v-57.5", "h422.4", "v0", "h-9.6" ] ]
  ],
  "dependencies": {}
}